,latitude,longitude,Наименование пункта пропуска,Федеральный округ,Вид,Количество,Год,Категория,Филиал,Установлен / закрыт,Функционирует/не функционирует,Сопредельное государство,Количество по паспорту,Количество (Факт/Паспорт)
0,69.655681,30.203183,Борисоглебск,СЗФО,АПП,270316.0,2017,Число людей,Мурманский,установлен,да,Королевство Норвегия,109500.0,2.47
1,60.931202,28.560617,Брусничное,СЗФО,АПП,2676976.0,2017,Число людей,Санкт-Петербургский,установлен,да,Финляндская Республика,2190000.0,1.22
2,42.768431,44.631185,Верхний Ларс,СКФО,АПП,2597753.0,2017,Число людей,Северо-Кавказский,установлен,да,Республика Грузия,1436640.0,1.81
3,59.376896,28.211033,Ивангород,СЗФО,АПП,3765083.0,2017,Число людей,Санкт-Петербургский,установлен,да,Эстонская Республика,2555000.0,1.47
5,55.278507,20.963083,Морское,СЗФО,АПП,229455.0,2017,Число людей,Калининградский,установлен,да,Литовская Республика,73000.0,3.14
6,51.216321,49.880509,Озинки,ПФО,АПП,1394660.0,2017,Число людей,Волгоградский,установлен,да,Республика Казахстан,1051200.0,1.33
7,41.787765,48.54852,Тагиркент-Казмаляр,СКФО,АПП,549064.0,2017,Число людей,Северо-Кавказский,установлен,да,Азербайджанская Республика,317550.0,1.73
8,60.596099,27.913096,Торфяновка,СЗФО,АПП,2469696.0,2017,Число людей,Санкт-Петербургский,установлен,да,Финляндская Республика,1916250.0,1.29
10,69.655681,30.203183,Борисоглебск,СЗФО,АПП,257666.0,2018,Число людей,Мурманский,установлен,да,Королевство Норвегия,109500.0,2.35
11,60.931202,28.560617,Брусничное,СЗФО,АПП,2719574.0,2018,Число людей,Санкт-Петербургский,установлен,да,Финляндская Республика,2190000.0,1.24
12,42.768431,44.631185,Верхний Ларс,СКФО,АПП,2782820.0,2018,Число людей,Северо-Кавказский,установлен,да,Республика Грузия,1436640.0,1.94
13,59.376896,28.211033,Ивангород,СЗФО,АПП,3655929.0,2018,Число людей,Санкт-Петербургский,установлен,да,Эстонская Республика,2555000.0,1.43
15,55.278507,20.963083,Морское,СЗФО,АПП,244578.0,2018,Число людей,Калининградский,установлен,да,Литовская Республика,73000.0,3.35
16,41.787765,48.54852,Тагиркент-Казмаляр,СКФО,АПП,480620.0,2018,Число людей,Северо-Кавказский,установлен,да,Азербайджанская Республика,317550.0,1.51
17,60.596099,27.913096,Торфяновка,СЗФО,АПП,2403572.0,2018,Число людей,Санкт-Петербургский,установлен,да,Финляндская Республика,1916250.0,1.25
19,43.397314,40.002072,Адлер,ЮФО,АПП,10826224.0,2019,Число людей,Сочинский,установлен,да,Республика Абхазия,10220000.0,1.06
20,69.655681,30.203183,Борисоглебск,СЗФО,АПП,267895.0,2019,Число людей,Мурманский,установлен,да,Королевство Норвегия,109500.0,2.45
21,60.931202,28.560617,Брусничное,СЗФО,АПП,3062042.0,2019,Число людей,Санкт-Петербургский,установлен,да,Финляндская Республика,2190000.0,1.4
22,42.768431,44.631185,Верхний Ларс,СКФО,АПП,3098034.0,2019,Число людей,Северо-Кавказский,установлен,да,Республика Грузия,1436640.0,2.16
24,49.632878,117.373814,Забайкальск,ДФО,АПП,1839366.0,2019,Число людей,Читинский,установлен,да,Китайская Народная Республика,1825000.0,1.01
25,59.376896,28.211033,Ивангород,СЗФО,АПП,3621503.0,2019,Число людей,Санкт-Петербургский,установлен,да,Эстонская Республика,2555000.0,1.42
27,55.278507,20.963083,Морское,СЗФО,АПП,282790.0,2019,Число людей,Калининградский,установлен,да,Литовская Республика,73000.0,3.87
28,41.787765,48.54852,Тагиркент-Казмаляр,СКФО,АПП,431033.0,2019,Число людей,Северо-Кавказский,установлен,да,Азербайджанская Республика,317550.0,1.36
29,60.596099,27.913096,Торфяновка,СЗФО,АПП,2455333.0,2019,Число людей,Санкт-Петербургский,установлен,да,Финляндская Республика,1916250.0,1.28
31,50.700218,92.069395,Хандагайты (Боршо),СФО,АПП,106512.0,2019,Число людей,Новосибирский,установлен,да,Монголия,106145.0,1.0
34,43.397314,40.002072,Адлер,ЮФО,АПП,11392851.0,2021,Число людей,Сочинский,установлен,да,Республика Абхазия,10220000.0,1.11
37,43.397314,40.002072,Адлер,ЮФО,АПП,11972069.0,2022,Число людей,Сочинский,установлен,да,Республика Абхазия,10220000.0,1.17
38,42.768431,44.631185,Верхний Ларс,СКФО,АПП,2453049.0,2022,Число людей,Северо-Кавказский,установлен,да,Республика Грузия,1436640.0,1.71
42,43.397314,40.002072,Адлер,ЮФО,АПП,1769178.0,2017,Легковые транспортные средства,Сочинский,установлен,да,Республика Абхазия,456250.0,3.88
43,54.372517,20.659173,Багратионовск,СЗФО,АПП,638904.0,2017,Легковые транспортные средства,Калининградский,установлен,да,Республика Польша,328500.0,1.94
44,60.931202,28.560617,Брусничное,СЗФО,АПП,883233.0,2017,Легковые транспортные средства,Санкт-Петербургский,установлен,да,Финляндская Республика,547500.0,1.61
45,42.768431,44.631185,Верхний Ларс,СКФО,АПП,630947.0,2017,Легковые транспортные средства,Северо-Кавказский,установлен,да,Республика Грузия,73000.0,8.64
46,62.168784,30.635873,Вяртсиля,СЗФО,АПП,705582.0,2017,Легковые транспортные средства,Санкт-Петербургский,установлен,да,Финляндская Республика,255500.0,2.76
48,54.343023,22.298854,Гусев,СЗФО,АПП,433845.0,2017,Легковые транспортные средства,Калининградский,установлен,да,Республика Польша,273750.0,1.58
51,59.376896,28.211033,Ивангород,СЗФО,АПП,524479.0,2017,Легковые транспортные средства,Санкт-Петербургский,установлен,да,Эстонская Республика,438000.0,1.2
53,64.545064,29.994016,Люття,СЗФО,АПП,211195.0,2017,Легковые транспортные средства,Санкт-Петербургский,установлен,да,Финляндская Республика,80300.0,2.63
54,54.439183,19.901304,Мамоново (Гроново),СЗФО,АПП,547188.0,2017,Легковые транспортные средства,Калининградский,установлен,да,Республика Польша,164250.0,3.33
56,55.278507,20.963083,Морское,СЗФО,АПП,83087.0,2017,Легковые транспортные средства,Калининградский,установлен,да,Литовская Республика,58400.0,1.42
57,50.338847,36.28717,Нехотеевка,ЦФО,АПП,806926.0,2017,Легковые транспортные средства,Белгородский,установлен,да,Украина,700800.0,1.15
58,42.669885,44.025982,Нижний Зарамаг,СКФО,АПП,380499.0,2017,Легковые транспортные средства,Северо-Кавказский,установлен,да,Республика Южная Осетия,62050.0,6.13
60,61.123856,28.841682,Светогорск,СЗФО,АПП,702634.0,2017,Легковые транспортные средства,Санкт-Петербургский,установлен,да,Финляндская Республика,669410.0,1.05
61,65.798791,30.109591,Суоперя,СЗФО,АПП,47672.0,2017,Легковые транспортные средства,Санкт-Петербургский,установлен,да,Финляндская Республика,36500.0,1.31
62,41.787765,48.54852,Тагиркент-Казмаляр,СКФО,АПП,154334.0,2017,Легковые транспортные средства,Северо-Кавказский,установлен,да,Азербайджанская Республика,51100.0,3.02
63,60.596099,27.913096,Торфяновка,СЗФО,АПП,874626.0,2017,Легковые транспортные средства,Санкт-Петербургский,установлен,да,Финляндская Республика,766500.0,1.14
64,50.700218,92.069395,Хандагайты (Боршо),СФО,АПП,17390.0,2017,Легковые транспортные средства,Новосибирский,установлен,да,Монголия,15548.0,1.12
65,41.640607,48.40786,Яраг-Казмаляр,СКФО,АПП,215720.0,2017,Легковые транспортные средства,Северо-Кавказский,установлен,да,Азербайджанская Республика,65700.0,3.28
66,43.397314,40.002072,Адлер,ЮФО,АПП,1916149.0,2018,Легковые транспортные средства,Сочинский,установлен,да,Республика Абхазия,456250.0,4.2
67,54.372517,20.659173,Багратионовск,СЗФО,АПП,582412.0,2018,Легковые транспортные средства,Калининградский,установлен,да,Республика Польша,328500.0,1.77
68,60.931202,28.560617,Брусничное,СЗФО,АПП,873748.0,2018,Легковые транспортные средства,Санкт-Петербургский,установлен,да,Финляндская Республика,547500.0,1.6
69,42.768431,44.631185,Верхний Ларс,СКФО,АПП,662064.0,2018,Легковые транспортные средства,Северо-Кавказский,установлен,да,Республика Грузия,73000.0,9.07
70,62.168784,30.635873,Вяртсиля,СЗФО,АПП,653167.0,2018,Легковые транспортные средства,Санкт-Петербургский,установлен,да,Финляндская Республика,255500.0,2.56
71,50.43093,35.591033,Грайворон,ЦФО,АПП,121241.0,2018,Легковые транспортные средства,Белгородский,установлен,да,Украина,109500.0,1.11
73,54.343023,22.298854,Гусев,СЗФО,АПП,419214.0,2018,Легковые транспортные средства,Калининградский,установлен,да,Республика Польша,273750.0,1.53
76,59.376896,28.211033,Ивангород,СЗФО,АПП,550966.0,2018,Легковые транспортные средства,Санкт-Петербургский,установлен,да,Эстонская Республика,438000.0,1.26
78,64.545064,29.994016,Люття,СЗФО,АПП,204620.0,2018,Легковые транспортные средства,Санкт-Петербургский,установлен,да,Финляндская Республика,80300.0,2.55
79,54.439183,19.901304,Мамоново (Гроново),СЗФО,АПП,465173.0,2018,Легковые транспортные средства,Калининградский,установлен,да,Республика Польша,164250.0,2.83
81,55.278507,20.963083,Морское,СЗФО,АПП,86516.0,2018,Легковые транспортные средства,Калининградский,установлен,да,Литовская Республика,58400.0,1.48
82,50.338847,36.28717,Нехотеевка,ЦФО,АПП,776580.0,2018,Легковые транспортные средства,Белгородский,установлен,да,Украина,700800.0,1.11
83,42.669885,44.025982,Нижний Зарамаг,СКФО,АПП,381466.0,2018,Легковые транспортные средства,Северо-Кавказский,установлен,да,Республика Южная Осетия,62050.0,6.15
84,61.123856,28.841682,Светогорск,СЗФО,АПП,669635.0,2018,Легковые транспортные средства,Санкт-Петербургский,установлен,да,Финляндская Республика,669410.0,1.0
85,65.798791,30.109591,Суоперя,СЗФО,АПП,43107.0,2018,Легковые транспортные средства,Санкт-Петербургский,установлен,да,Финляндская Республика,36500.0,1.18
86,41.787765,48.54852,Тагиркент-Казмаляр,СКФО,АПП,121810.0,2018,Легковые транспортные средства,Северо-Кавказский,установлен,да,Азербайджанская Республика,51100.0,2.38
87,60.596099,27.913096,Торфяновка,СЗФО,АПП,820229.0,2018,Легковые транспортные средства,Санкт-Петербургский,установлен,да,Финляндская Республика,766500.0,1.07
88,50.700218,92.069395,Хандагайты (Боршо),СФО,АПП,22106.0,2018,Легковые транспортные средства,Новосибирский,установлен,да,Монголия,15548.0,1.42
89,41.640607,48.40786,Яраг-Казмаляр,СКФО,АПП,270140.0,2018,Легковые транспортные средства,Северо-Кавказский,установлен,да,Азербайджанская Республика,65700.0,4.11
90,43.397314,40.002072,Адлер,ЮФО,АПП,2137028.0,2019,Легковые транспортные средства,Сочинский,установлен,да,Республика Абхазия,456250.0,4.68
91,54.372517,20.659173,Багратионовск,СЗФО,АПП,524750.0,2019,Легковые транспортные средства,Калининградский,установлен,да,Республика Польша,328500.0,1.6
92,60.931202,28.560617,Брусничное,СЗФО,АПП,872796.0,2019,Легковые транспортные средства,Санкт-Петербургский,установлен,да,Финляндская Республика,547500.0,1.59
93,42.768431,44.631185,Верхний Ларс,СКФО,АПП,780386.0,2019,Легковые транспортные средства,Северо-Кавказский,установлен,да,Республика Грузия,73000.0,10.69
94,62.168784,30.635873,Вяртсиля,СЗФО,АПП,608064.0,2019,Легковые транспортные средства,Санкт-Петербургский,установлен,да,Финляндская Республика,255500.0,2.38
96,54.343023,22.298854,Гусев,СЗФО,АПП,399611.0,2019,Легковые транспортные средства,Калининградский,установлен,да,Республика Польша,273750.0,1.46
99,59.376896,28.211033,Ивангород,СЗФО,АПП,521497.0,2019,Легковые транспортные средства,Санкт-Петербургский,установлен,да,Эстонская Республика,438000.0,1.19
101,64.545064,29.994016,Люття,СЗФО,АПП,205808.0,2019,Легковые транспортные средства,Санкт-Петербургский,установлен,да,Финляндская Республика,80300.0,2.56
102,54.439183,19.901304,Мамоново (Гроново),СЗФО,АПП,419011.0,2019,Легковые транспортные средства,Калининградский,установлен,да,Республика Польша,164250.0,2.55
104,55.278507,20.963083,Морское,СЗФО,АПП,95587.0,2019,Легковые транспортные средства,Калининградский,установлен,да,Литовская Республика,58400.0,1.64
105,50.338847,36.28717,Нехотеевка,ЦФО,АПП,763191.0,2019,Легковые транспортные средства,Белгородский,установлен,да,Украина,700800.0,1.09
106,42.669885,44.025982,Нижний Зарамаг,СКФО,АПП,367293.0,2019,Легковые транспортные средства,Северо-Кавказский,установлен,да,Республика Южная Осетия,62050.0,5.92
108,65.798791,30.109591,Суоперя,СЗФО,АПП,40636.0,2019,Легковые транспортные средства,Санкт-Петербургский,установлен,да,Финляндская Республика,36500.0,1.11
109,41.787765,48.54852,Тагиркент-Казмаляр,СКФО,АПП,109341.0,2019,Легковые транспортные средства,Северо-Кавказский,установлен,да,Азербайджанская Республика,51100.0,2.14
110,60.596099,27.913096,Торфяновка,СЗФО,АПП,786281.0,2019,Легковые транспортные средства,Санкт-Петербургский,установлен,да,Финляндская Республика,766500.0,1.03
111,50.700218,92.069395,Хандагайты (Боршо),СФО,АПП,25355.0,2019,Легковые транспортные средства,Новосибирский,установлен,да,Монголия,15548.0,1.63
112,41.640607,48.40786,Яраг-Казмаляр,СКФО,АПП,331755.0,2019,Легковые транспортные средства,Северо-Кавказский,установлен,да,Азербайджанская Республика,65700.0,5.05
113,43.397314,40.002072,Адлер,ЮФО,АПП,1398240.0,2020,Легковые транспортные средства,Сочинский,установлен,да,Республика Абхазия,456250.0,3.06
114,42.768431,44.631185,Верхний Ларс,СКФО,АПП,115014.0,2020,Легковые транспортные средства,Северо-Кавказский,установлен,да,Республика Грузия,73000.0,1.58
118,42.669885,44.025982,Нижний Зарамаг,СКФО,АПП,190694.0,2020,Легковые транспортные средства,Северо-Кавказский,установлен,да,Республика Южная Осетия,62050.0,3.07
119,41.640607,48.40786,Яраг-Казмаляр,СКФО,АПП,67883.0,2020,Легковые транспортные средства,Северо-Кавказский,установлен,да,Азербайджанская Республика,65700.0,1.03
120,43.397314,40.002072,Адлер,ЮФО,АПП,2347832.0,2021,Легковые транспортные средства,Сочинский,установлен,да,Республика Абхазия,456250.0,5.15
121,42.768431,44.631185,Верхний Ларс,СКФО,АПП,118354.0,2021,Легковые транспортные средства,Северо-Кавказский,установлен,да,Республика Грузия,73000.0,1.62
126,42.669885,44.025982,Нижний Зарамаг,СКФО,АПП,371722.0,2021,Легковые транспортные средства,Северо-Кавказский,установлен,да,Республика Южная Осетия,62050.0,5.99
127,43.397314,40.002072,Адлер,ЮФО,АПП,2388558.0,2022,Легковые транспортные средства,Сочинский,установлен,да,Республика Абхазия,456250.0,5.24
129,42.768431,44.631185,Верхний Ларс,СКФО,АПП,598592.0,2022,Легковые транспортные средства,Северо-Кавказский,установлен,да,Республика Грузия,73000.0,8.2
135,42.669885,44.025982,Нижний Зарамаг,СКФО,АПП,358264.0,2022,Легковые транспортные средства,Северо-Кавказский,установлен,да,Республика Южная Осетия,62050.0,5.77
136,50.700218,92.069395,Хандагайты (Боршо),СФО,АПП,22289.0,2022,Легковые транспортные средства,Новосибирский,установлен,да,Монголия,15548.0,1.43
137,43.397314,40.002072,Адлер,ЮФО,АПП,105498.0,2017,Грузовые транспортные средства,Сочинский,установлен,да,Республика Абхазия,54750.0,1.93
139,54.006458,61.625926,Бугристое,УФО,АПП,233923.0,2017,Грузовые транспортные средства,Уральский,установлен,да,Республика Казахстан,109500.0,2.14
140,56.356309,28.197336,Бурачки,СЗФО,АПП,141165.0,2017,Грузовые транспортные средства,Псковский,установлен,да,Латвийская Республика,109500.0,1.29
141,42.768431,44.631185,Верхний Ларс,СКФО,АПП,168407.0,2017,Грузовые транспортные средства,Северо-Кавказский,установлен,да,Республика Грузия,62050.0,2.71
142,62.168784,30.635873,Вяртсиля,СЗФО,АПП,81210.0,2017,Грузовые транспортные средства,Санкт-Петербургский,установлен,да,Финляндская Республика,43800.0,1.85
144,42.056396,48.306587,Дербент,СКФО,ЖДПП,7222.0,2017,Грузовые транспортные средства,Северо-Кавказский,установлен,да,Азербайджанская Республика,5840.0,1.24
145,51.647524,34.137715,Крупец,ЦФО,АПП,43764.0,2017,Грузовые транспортные средства,Брянский,установлен,да,Украина,36500.0,1.2
147,64.545064,29.994016,Люття,СЗФО,АПП,33718.0,2017,Грузовые транспортные средства,Санкт-Петербургский,установлен,да,Финляндская Республика,21900.0,1.54
150,42.669885,44.025982,Нижний Зарамаг,СКФО,АПП,42126.0,2017,Грузовые транспортные средства,Северо-Кавказский,установлен,да,Республика Южная Осетия,36500.0,1.15
155,54.645721,22.736633,Чернышевское,СЗФО,АПП,133222.0,2017,Грузовые транспортные средства,Калининградский,установлен,да,Литовская Республика,109500.0,1.22
156,43.397314,40.002072,Адлер,ЮФО,АПП,98509.0,2018,Грузовые транспортные средства,Сочинский,установлен,да,Республика Абхазия,54750.0,1.8
158,54.006458,61.625926,Бугристое,УФО,АПП,242803.0,2018,Грузовые транспортные средства,Уральский,установлен,да,Республика Казахстан,109500.0,2.22
159,56.356309,28.197336,Бурачки,СЗФО,АПП,147843.0,2018,Грузовые транспортные средства,Псковский,установлен,да,Латвийская Республика,109500.0,1.35
160,42.768431,44.631185,Верхний Ларс,СКФО,АПП,214082.0,2018,Грузовые транспортные средства,Северо-Кавказский,установлен,да,Республика Грузия,62050.0,3.45
161,62.168784,30.635873,Вяртсиля,СЗФО,АПП,86500.0,2018,Грузовые транспортные средства,Санкт-Петербургский,установлен,да,Финляндская Республика,43800.0,1.97
163,42.056396,48.306587,Дербент,СКФО,ЖДПП,6465.0,2018,Грузовые транспортные средства,Северо-Кавказский,установлен,да,Азербайджанская Республика,5840.0,1.11
165,64.545064,29.994016,Люття,СЗФО,АПП,31955.0,2018,Грузовые транспортные средства,Санкт-Петербургский,установлен,да,Финляндская Республика,21900.0,1.46
168,42.669885,44.025982,Нижний Зарамаг,СКФО,АПП,49509.0,2018,Грузовые транспортные средства,Северо-Кавказский,установлен,да,Республика Южная Осетия,36500.0,1.36
170,49.643629,89.44195,Ташанта,СФО,АПП,7829.0,2018,Грузовые транспортные средства,Новосибирский,установлен,да,Монголия,5980.0,1.31
174,54.645721,22.736633,Чернышевское,СЗФО,АПП,128113.0,2018,Грузовые транспортные средства,Калининградский,установлен,да,Литовская Республика,109500.0,1.17
176,41.640607,48.40786,Яраг-Казмаляр,СКФО,АПП,110344.0,2018,Грузовые транспортные средства,Северо-Кавказский,установлен,да,Азербайджанская Республика,109500.0,1.01
177,43.397314,40.002072,Адлер,ЮФО,АПП,97161.0,2019,Грузовые транспортные средства,Сочинский,установлен,да,Республика Абхазия,54750.0,1.77
179,54.006458,61.625926,Бугристое,УФО,АПП,254429.0,2019,Грузовые транспортные средства,Уральский,установлен,да,Республика Казахстан,109500.0,2.32
180,56.356309,28.197336,Бурачки,СЗФО,АПП,138230.0,2019,Грузовые транспортные средства,Псковский,установлен,да,Латвийская Республика,109500.0,1.26
181,42.768431,44.631185,Верхний Ларс,СКФО,АПП,227581.0,2019,Грузовые транспортные средства,Северо-Кавказский,установлен,да,Республика Грузия,62050.0,3.67
182,62.168784,30.635873,Вяртсиля,СЗФО,АПП,94991.0,2019,Грузовые транспортные средства,Санкт-Петербургский,установлен,да,Финляндская Республика,43800.0,2.17
184,42.056396,48.306587,Дербент,СКФО,ЖДПП,8059.0,2019,Грузовые транспортные средства,Северо-Кавказский,установлен,да,Азербайджанская Республика,5840.0,1.38
186,64.545064,29.994016,Люття,СЗФО,АПП,36400.0,2019,Грузовые транспортные средства,Санкт-Петербургский,установлен,да,Финляндская Республика,21900.0,1.66
189,42.669885,44.025982,Нижний Зарамаг,СКФО,АПП,41802.0,2019,Грузовые транспортные средства,Северо-Кавказский,установлен,да,Республика Южная Осетия,36500.0,1.15
192,49.643629,89.44195,Ташанта,СФО,АПП,8089.0,2019,Грузовые транспортные средства,Новосибирский,установлен,да,Монголия,5980.0,1.35
196,54.645721,22.736633,Чернышевское,СЗФО,АПП,124743.0,2019,Грузовые транспортные средства,Калининградский,установлен,да,Литовская Республика,109500.0,1.14
198,41.640607,48.40786,Яраг-Казмаляр,СКФО,АПП,125499.0,2019,Грузовые транспортные средства,Северо-Кавказский,установлен,да,Азербайджанская Республика,109500.0,1.15
199,43.397314,40.002072,Адлер,ЮФО,АПП,79709.0,2020,Грузовые транспортные средства,Сочинский,установлен,да,Республика Абхазия,54750.0,1.46
201,54.006458,61.625926,Бугристое,УФО,АПП,288987.0,2020,Грузовые транспортные средства,Уральский,установлен,да,Республика Казахстан,109500.0,2.64
202,56.356309,28.197336,Бурачки,СЗФО,АПП,130798.0,2020,Грузовые транспортные средства,Псковский,установлен,да,Латвийская Республика,109500.0,1.19
203,42.768431,44.631185,Верхний Ларс,СКФО,АПП,281299.0,2020,Грузовые транспортные средства,Северо-Кавказский,установлен,да,Республика Грузия,62050.0,4.53
204,62.168784,30.635873,Вяртсиля,СЗФО,АПП,101772.0,2020,Грузовые транспортные средства,Санкт-Петербургский,установлен,да,Финляндская Республика,43800.0,2.32
206,42.056396,48.306587,Дербент,СКФО,ЖДПП,5868.0,2020,Грузовые транспортные средства,Северо-Кавказский,установлен,да,Азербайджанская Республика,5840.0,1.0
208,64.545064,29.994016,Люття,СЗФО,АПП,32052.0,2020,Грузовые транспортные средства,Санкт-Петербургский,установлен,да,Финляндская Республика,21900.0,1.46
212,49.643629,89.44195,Ташанта,СФО,АПП,7238.0,2020,Грузовые транспортные средства,Новосибирский,установлен,да,Монголия,5980.0,1.21
216,54.645721,22.736633,Чернышевское,СЗФО,АПП,135092.0,2020,Грузовые транспортные средства,Калининградский,установлен,да,Литовская Республика,109500.0,1.23
218,41.640607,48.40786,Яраг-Казмаляр,СКФО,АПП,153622.0,2020,Грузовые транспортные средства,Северо-Кавказский,установлен,да,Азербайджанская Республика,109500.0,1.4
219,43.397314,40.002072,Адлер,ЮФО,АПП,100691.0,2021,Грузовые транспортные средства,Сочинский,установлен,да,Республика Абхазия,54750.0,1.84
221,54.006458,61.625926,Бугристое,УФО,АПП,313418.0,2021,Грузовые транспортные средства,Уральский,установлен,да,Республика Казахстан,109500.0,2.86
222,56.356309,28.197336,Бурачки,СЗФО,АПП,135512.0,2021,Грузовые транспортные средства,Псковский,установлен,да,Латвийская Республика,109500.0,1.24
223,42.768431,44.631185,Верхний Ларс,СКФО,АПП,296877.0,2021,Грузовые транспортные средства,Северо-Кавказский,установлен,да,Республика Грузия,62050.0,4.78
224,62.168784,30.635873,Вяртсиля,СЗФО,АПП,96501.0,2021,Грузовые транспортные средства,Санкт-Петербургский,установлен,да,Финляндская Республика,43800.0,2.2
227,64.545064,29.994016,Люття,СЗФО,АПП,30286.0,2021,Грузовые транспортные средства,Санкт-Петербургский,установлен,да,Финляндская Республика,21900.0,1.38
228,64.5496,30.665,Люття,СЗФО,ЖДПП,3858.0,2021,Грузовые транспортные средства,Санкт-Петербургский,установлен,да,Финляндская Республика,3650.0,1.06
231,42.669885,44.025982,Нижний Зарамаг,СКФО,АПП,37042.0,2021,Грузовые транспортные средства,Северо-Кавказский,установлен,да,Республика Южная Осетия,36500.0,1.01
234,49.643629,89.44195,Ташанта,СФО,АПП,8222.0,2021,Грузовые транспортные средства,Новосибирский,установлен,да,Монголия,5980.0,1.37
238,54.645721,22.736633,Чернышевское,СЗФО,АПП,130257.0,2021,Грузовые транспортные средства,Калининградский,установлен,да,Литовская Республика,109500.0,1.19
240,41.640607,48.40786,Яраг-Казмаляр,СКФО,АПП,169212.0,2021,Грузовые транспортные средства,Северо-Кавказский,установлен,да,Азербайджанская Республика,109500.0,1.55
241,43.397314,40.002072,Адлер,ЮФО,АПП,90346.0,2022,Грузовые транспортные средства,Сочинский,установлен,да,Республика Абхазия,54750.0,1.65
244,54.006458,61.625926,Бугристое,УФО,АПП,296124.0,2022,Грузовые транспортные средства,Уральский,установлен,да,Республика Казахстан,109500.0,2.7
245,42.768431,44.631185,Верхний Ларс,СКФО,АПП,281926.0,2022,Грузовые транспортные средства,Северо-Кавказский,установлен,да,Республика Грузия,62050.0,4.54
248,42.056396,48.306587,Дербент,СКФО,ЖДПП,6665.0,2022,Грузовые транспортные средства,Северо-Кавказский,установлен,да,Азербайджанская Республика,5840.0,1.14
255,41.708056,48.473279,Ново-Филя,СКФО,АПП,26300.0,2022,Грузовые транспортные средства,Северо-Кавказский,установлен,да,Азербайджанская Республика,4380.0,6.0
259,41.787765,48.54852,Тагиркент-Казмаляр,СКФО,АПП,35767.0,2022,Грузовые транспортные средства,Северо-Кавказский,установлен,да,Азербайджанская Республика,18250.0,1.96
260,49.643629,89.44195,Ташанта,СФО,АПП,11239.0,2022,Грузовые транспортные средства,Новосибирский,установлен,да,Монголия,5980.0,1.88
264,54.645721,22.736633,Чернышевское,СЗФО,АПП,139439.0,2022,Грузовые транспортные средства,Калининградский,установлен,да,Литовская Республика,109500.0,1.27
265,41.640607,48.40786,Яраг-Казмаляр,СКФО,АПП,184183.0,2022,Грузовые транспортные средства,Северо-Кавказский,установлен,да,Азербайджанская Республика,109500.0,1.68
266,43.397314,40.002072,Адлер,ЮФО,АПП,89761.0,2017,Паспорта транспортных средств,Сочинский,установлен,да,Республика Абхазия,36500.0,2.46
267,42.768431,44.631185,Верхний Ларс,СКФО,АПП,17300.0,2017,Паспорта транспортных средств,Северо-Кавказский,установлен,да,Республика Грузия,10950.0,1.58
270,59.376896,28.211033,Ивангород,СЗФО,АПП,28098.0,2017,Паспорта транспортных средств,Санкт-Петербургский,установлен,да,Эстонская Республика,21900.0,1.28
273,50.338847,36.28717,Нехотеевка,ЦФО,АПП,37432.0,2017,Паспорта транспортных средств,Белгородский,установлен,да,Украина,26280.0,1.42
274,51.881005,34.337551,Троебортное,ЦФО,АПП,19100.0,2017,Паспорта транспортных средств,Брянский,установлен,да,Украина,18250.0,1.05
275,41.640607,48.40786,Яраг-Казмаляр,СКФО,АПП,10405.0,2017,Паспорта транспортных средств,Северо-Кавказский,установлен,да,Азербайджанская Республика,7300.0,1.43
276,43.397314,40.002072,Адлер,ЮФО,АПП,93065.0,2018,Паспорта транспортных средств,Сочинский,установлен,да,Республика Абхазия,36500.0,2.55
277,42.768431,44.631185,Верхний Ларс,СКФО,АПП,19840.0,2018,Паспорта транспортных средств,Северо-Кавказский,установлен,да,Республика Грузия,10950.0,1.81
280,59.376896,28.211033,Ивангород,СЗФО,АПП,28817.0,2018,Паспорта транспортных средств,Санкт-Петербургский,установлен,да,Эстонская Республика,21900.0,1.32
283,50.338847,36.28717,Нехотеевка,ЦФО,АПП,30963.0,2018,Паспорта транспортных средств,Белгородский,установлен,да,Украина,26280.0,1.18
285,43.397314,40.002072,Адлер,ЮФО,АПП,95518.0,2019,Паспорта транспортных средств,Сочинский,установлен,да,Республика Абхазия,36500.0,2.62
286,42.768431,44.631185,Верхний Ларс,СКФО,АПП,21371.0,2019,Паспорта транспортных средств,Северо-Кавказский,установлен,да,Республика Грузия,10950.0,1.95
289,49.632878,117.373814,Забайкальск,ДФО,АПП,59803.0,2019,Паспорта транспортных средств,Читинский,установлен,да,Китайская Народная Республика,58400.0,1.02
290,59.376896,28.211033,Ивангород,СЗФО,АПП,31076.0,2019,Паспорта транспортных средств,Санкт-Петербургский,установлен,да,Эстонская Республика,21900.0,1.42
293,50.338847,36.28717,Нехотеевка,ЦФО,АПП,28103.0,2019,Паспорта транспортных средств,Белгородский,установлен,да,Украина,26280.0,1.07
294,43.397314,40.002072,Адлер,ЮФО,АПП,52266.0,2020,Паспорта транспортных средств,Сочинский,установлен,да,Республика Абхазия,36500.0,1.43
298,43.397314,40.002072,Адлер,ЮФО,АПП,103181.0,2021,Паспорта транспортных средств,Сочинский,установлен,да,Республика Абхазия,36500.0,2.83
299,43.40274645,39.99306761,Адлер,ЮФО,ЖДПП,1131.0,2021,Паспорта транспортных средств,Сочинский,установлен,да,Республика Абхазия,1095.0,1.03
304,43.397314,40.002072,Адлер,ЮФО,АПП,82102.0,2022,Паспорта транспортных средств,Сочинский,установлен,да,Республика Абхазия,36500.0,2.25
305,43.40274645,39.99306761,Адлер,ЮФО,ЖДПП,1118.0,2022,Паспорта транспортных средств,Сочинский,установлен,да,Республика Абхазия,1095.0,1.02
306,42.768431,44.631185,Верхний Ларс,СКФО,АПП,13817.0,2022,Паспорта транспортных средств,Северо-Кавказский,установлен,да,Республика Грузия,10950.0,1.26
316,59.36793,28.233993,Ивангород,СЗФО,ЖДПП,4977882.0,2017,Грузы в тоннах,Санкт-Петербургский,установлен,да,Эстонская Республика,4088000.0,1.22
317,51.647524,34.137715,Крупец,ЦФО,АПП,607357.0,2017,Грузы в тоннах,Брянский,установлен,да,Украина,365000.0,1.66
327,59.36793,28.233993,Ивангород,СЗФО,ЖДПП,5075087.0,2018,Грузы в тоннах,Санкт-Петербургский,установлен,да,Эстонская Республика,4088000.0,1.24
328,51.647524,34.137715,Крупец,ЦФО,АПП,450216.0,2018,Грузы в тоннах,Брянский,установлен,да,Украина,365000.0,1.23
338,59.36793,28.233993,Ивангород,СЗФО,ЖДПП,6197916.0,2019,Грузы в тоннах,Санкт-Петербургский,установлен,да,Эстонская Республика,4088000.0,1.52
351,59.36793,28.233993,Ивангород,СЗФО,ЖДПП,6365192.0,2020,Грузы в тоннах,Санкт-Петербургский,установлен,да,Эстонская Республика,4088000.0,1.56
364,59.36793,28.233993,Ивангород,СЗФО,ЖДПП,5705163.0,2021,Грузы в тоннах,Санкт-Петербургский,установлен,да,Эстонская Республика,4088000.0,1.4
384,41.787765,48.54852,Тагиркент-Казмаляр,СКФО,АПП,677365.0,2022,Грузы в тоннах,Северо-Кавказский,установлен,да,Азербайджанская Республика,182500.0,3.71
